{
 "smile": {
  "tier": "in-dist",
  "m_base": 0.045011863112449646,
  "S": {
   "stlora": 0.0516660213470459,
   "gstlora": 0.046475812792778015,
   "freeclamp": 0.05221767723560333,
   "freeasym": 0.05120724439620972
  },
  "Q": {
   "stlora": 0.067330002784729,
   "gstlora": 0.06166321039199829,
   "freeclamp": 0.06727725267410278,
   "freeasym": 0.06741268932819366
  },
  "m_supp": {
   "stlora": -0.0066541582345962524,
   "gstlora": -0.0014639496803283691,
   "freeclamp": -0.0072058141231536865,
   "freeasym": -0.006195381283760071
  }
 },
 "old": {
  "tier": "in-dist",
  "m_base": 0.031435102224349976,
  "S": {
   "stlora": 0.0506892204284668,
   "gstlora": 0.06215573847293854,
   "freeclamp": 0.051138222217559814,
   "freeasym": 0.0512215793132782
  },
  "Q": {
   "stlora": 0.0670718252658844,
   "gstlora": 0.06066045165061951,
   "freeclamp": 0.06818971037864685,
   "freeasym": 0.06749847531318665
  },
  "m_supp": {
   "stlora": -0.01925411820411682,
   "gstlora": -0.030720636248588562,
   "freeclamp": -0.01970311999320984,
   "freeasym": -0.019786477088928223
  }
 },
 "fat": {
  "tier": "in-dist",
  "m_base": 0.0566396564245224,
  "S": {
   "stlora": 0.08804278075695038,
   "gstlora": 0.032649680972099304,
   "freeclamp": 0.0828971266746521,
   "freeasym": 0.08504873514175415
  },
  "Q": {
   "stlora": 0.06581565737724304,
   "gstlora": 0.06062649190425873,
   "freeclamp": 0.06655949354171753,
   "freeasym": 0.06734591722488403
  },
  "m_supp": {
   "stlora": -0.03140312433242798,
   "gstlora": 0.023989975452423096,
   "freeclamp": -0.0262574702501297,
   "freeasym": -0.02840907871723175
  }
 },
 "angry": {
  "tier": "in-dist",
  "m_base": 0.04301007091999054,
  "S": {
   "stlora": 0.06993569433689117,
   "gstlora": 0.07250870764255524,
   "freeclamp": 0.07248081266880035,
   "freeasym": 0.07175150513648987
  },
  "Q": {
   "stlora": 0.06633040308952332,
   "gstlora": 0.06135018169879913,
   "freeclamp": 0.066826730966568,
   "freeasym": 0.06707334518432617
  },
  "m_supp": {
   "stlora": -0.026925623416900635,
   "gstlora": -0.029498636722564697,
   "freeclamp": -0.029470741748809814,
   "freeasym": -0.02874143421649933
  }
 },
 "sad": {
  "tier": "in-dist",
  "m_base": 0.012646958231925964,
  "S": {
   "stlora": 0.032670170068740845,
   "gstlora": 0.04230545461177826,
   "freeclamp": 0.032793596386909485,
   "freeasym": 0.03276456892490387
  },
  "Q": {
   "stlora": 0.06715252995491028,
   "gstlora": 0.061113834381103516,
   "freeclamp": 0.06720063090324402,
   "freeasym": 0.0673581063747406
  },
  "m_supp": {
   "stlora": -0.02002321183681488,
   "gstlora": -0.029658496379852295,
   "freeclamp": -0.02014663815498352,
   "freeasym": -0.020117610692977905
  }
 },
 "cry": {
  "tier": "in-dist",
  "m_base": 0.0050351619720458984,
  "S": {
   "stlora": 0.028217390179634094,
   "gstlora": 0.031692326068878174,
   "freeclamp": 0.029913946986198425,
   "freeasym": 0.029861897230148315
  },
  "Q": {
   "stlora": 0.06656835973262787,
   "gstlora": 0.06147906184196472,
   "freeclamp": 0.06731845438480377,
   "freeasym": 0.06727854907512665
  },
  "m_supp": {
   "stlora": -0.023182228207588196,
   "gstlora": -0.026657164096832275,
   "freeclamp": -0.024878785014152527,
   "freeasym": -0.024826735258102417
  }
 },
 "curly": {
  "tier": "in-dist",
  "m_base": 0.04128916561603546,
  "S": {
   "stlora": 0.06584176421165466,
   "gstlora": 0.04788099229335785,
   "freeclamp": 0.06672726571559906,
   "freeasym": 0.06752689182758331
  },
  "Q": {
   "stlora": 0.07086655497550964,
   "gstlora": 0.06116890907287598,
   "freeclamp": 0.06845328211784363,
   "freeasym": 0.06829068064689636
  },
  "m_supp": {
   "stlora": -0.0245525985956192,
   "gstlora": -0.006591826677322388,
   "freeclamp": -0.0254381000995636,
   "freeasym": -0.02623772621154785
  }
 },
 "glasses": {
  "tier": "near-OOD",
  "m_base": 0.048393815755844116,
  "S": {
   "stlora": 0.0016953647136688232,
   "gstlora": 0.06563189625740051,
   "freeclamp": 0.0006549060344696045,
   "freeasym": 0.0006669163703918457
  },
  "Q": {
   "stlora": 0.06171993911266327,
   "gstlora": 0.06110960245132446,
   "freeclamp": 0.06296271085739136,
   "freeasym": 0.0625762790441513
  },
  "m_supp": {
   "stlora": 0.04669845104217529,
   "gstlora": -0.017238080501556396,
   "freeclamp": 0.04773890972137451,
   "freeasym": 0.04772689938545227
  }
 },
 "hat": {
  "tier": "near-OOD",
  "m_base": 0.04038989543914795,
  "S": {
   "stlora": 0.002116277813911438,
   "gstlora": 0.025913164019584656,
   "freeclamp": 0.031727731227874756,
   "freeasym": 0.03194291889667511
  },
  "Q": {
   "stlora": 0.06915731728076935,
   "gstlora": 0.06103438138961792,
   "freeclamp": 0.06765900552272797,
   "freeasym": 0.06749294698238373
  },
  "m_supp": {
   "stlora": 0.03827361762523651,
   "gstlora": 0.014476731419563293,
   "freeclamp": 0.008662164211273193,
   "freeasym": 0.00844697654247284
  }
 },
 "earrings": {
  "tier": "near-OOD",
  "m_base": 0.03433305025100708,
  "S": {
   "stlora": 0.01594458520412445,
   "gstlora": 0.022546499967575073,
   "freeclamp": 0.02762065827846527,
   "freeasym": 0.027808144688606262
  },
  "Q": {
   "stlora": 0.06615406274795532,
   "gstlora": 0.061481624841690063,
   "freeclamp": 0.06774769723415375,
   "freeasym": 0.06790335476398468
  },
  "m_supp": {
   "stlora": 0.01838846504688263,
   "gstlora": 0.011786550283432007,
   "freeclamp": 0.006712391972541809,
   "freeasym": 0.006524905562400818
  }
 },
 "younger": {
  "tier": "near-OOD",
  "m_base": 0.0311538428068161,
  "S": {
   "stlora": 0.00981973111629486,
   "gstlora": 0.00033149123191833496,
   "freeclamp": 0.009335443377494812,
   "freeasym": 0.009954467415809631
  },
  "Q": {
   "stlora": 0.06736081838607788,
   "gstlora": 0.06064663827419281,
   "freeclamp": 0.06821104884147644,
   "freeasym": 0.06739601492881775
  },
  "m_supp": {
   "stlora": 0.02133411169052124,
   "gstlora": 0.030822351574897766,
   "freeclamp": 0.02181839942932129,
   "freeasym": 0.02119937539100647
  }
 },
 "scarf": {
  "tier": "far-OOD",
  "m_base": 0.041779130697250366,
  "S": {
   "stlora": 0.0037443935871124268,
   "gstlora": 0.05695381760597229,
   "freeclamp": 0.05571374297142029,
   "freeasym": 0.055112093687057495
  },
  "Q": {
   "stlora": 0.06151150166988373,
   "gstlora": 0.06103435158729553,
   "freeclamp": 0.06755152344703674,
   "freeasym": 0.06743472814559937
  },
  "m_supp": {
   "stlora": 0.03803473711013794,
   "gstlora": -0.015174686908721924,
   "freeclamp": -0.013934612274169922,
   "freeasym": -0.013332962989807129
  }
 },
 "beach": {
  "tier": "far-OOD",
  "m_base": 0.04237771034240723,
  "S": {
   "stlora": -0.0011411160230636597,
   "gstlora": 0.012576639652252197,
   "freeclamp": 0.0009022802114486694,
   "freeasym": 0.001452520489692688
  },
  "Q": {
   "stlora": 0.06745985150337219,
   "gstlora": 0.05325789749622345,
   "freeclamp": 0.06984296441078186,
   "freeasym": 0.06975947320461273
  },
  "m_supp": {
   "stlora": 0.043518826365470886,
   "gstlora": 0.02980107069015503,
   "freeclamp": 0.04147543013095856,
   "freeasym": 0.04092518985271454
  }
 },
 "suit": {
  "tier": "far-OOD",
  "m_base": 0.04727037250995636,
  "S": {
   "stlora": 0.00026798248291015625,
   "gstlora": 0.0872267484664917,
   "freeclamp": 0.09097623825073242,
   "freeasym": 0.09122966229915619
  },
  "Q": {
   "stlora": 0.06904378533363342,
   "gstlora": 0.06069660186767578,
   "freeclamp": 0.06783050298690796,
   "freeasym": 0.06794798374176025
  },
  "m_supp": {
   "stlora": 0.047002390027046204,
   "gstlora": -0.03995637595653534,
   "freeclamp": -0.04370586574077606,
   "freeasym": -0.04395928978919983
  }
 },
 "oil_painting": {
  "tier": "far-OOD",
  "m_base": 0.0359732061624527,
  "S": {
   "stlora": 0.03545078635215759,
   "gstlora": -0.003900587558746338,
   "freeclamp": 0.03276361525058746,
   "freeasym": 0.033914148807525635
  },
  "Q": {
   "stlora": 0.058139294385910034,
   "gstlora": 0.03819873929023743,
   "freeclamp": 0.06762835383415222,