{
 "instruction": "make the hair curly",
 "n_blocks": 19,
 "per_block_cosine": [
  0.9880532026290894,
  0.9857558608055115,
  0.9865140914916992,
  0.9861223697662354,
  0.9857755899429321,
  0.9875530004501343,
  0.9877380132675171,
  0.9878712296485901,
  0.987999677658081,
  0.9879589676856995,
  0.988556981086731,
  0.9877586364746094,
  0.9861611127853394,
  0.9847238063812256,
  0.9859508872032166,
  0.9877026081085205,
  0.987096905708313,
  0.9864757061004639,
  0.9825145602226257
 ],
 "mean_cosine": 0.986751747758765,
 "min_cosine": 0.9825145602226257,
 "pass_0.95": true
}