{
 "curly": {
  "tier": "in-dist",
  "Qbad": {
   "stlora": 0,
   "gstlora": 0,
   "freeclamp": 0,
   "freeasym": 0
  },
  "stats": {
   "stlora": {
    "n": 9,
    "mean": 0.013806588119930692,
    "sem": 0.011027497887154477,
    "ci95": [
     -0.003547821773423089,
     0.0360276472237375
    ],
    "min": -0.02096523344516754,
    "max": 0.08022576570510864
   },
   "gstlora": {
    "n": 9,
    "mean": 0.01641847027672662,
    "sem": 0.011509043967675478,
    "ci95": [
     -0.002554433710045284,
     0.03946872258351908
    ],
    "min": -0.015312373638153076,
    "max": 0.08328111469745636
   },
   "freeclamp": {
    "n": 9,
    "mean": 0.014235547847217984,
    "sem": 0.011560308588279678,
    "ci95": [
     -0.005276213793290986,
     0.037815390361679926
    ],
    "min": -0.020045176148414612,
    "max": 0.08564385771751404
   },
   "freeasym": {
    "n": 9,
    "mean": 0.014253483878241645,
    "sem": 0.011547893725431106,
    "ci95": [
     -0.004969927047689755,
     0.037210114300250945
    ],
    "min": -0.020638972520828247,
    "max": 0.08551202714443207
   }
  }
 },
 "glasses": {
  "tier": "near-OOD",
  "Qbad": {
   "stlora": 0,
   "gstlora": 0,
   "freeclamp": 0,
   "freeasym": 0
  },
  "stats": {
   "stlora": {
    "n": 9,
    "mean": 0.020623577965630427,
    "sem": 0.01022239770349855,
    "ci95": [
     0.005682273954153061,
     0.04128593367834885
    ],
    "min": -0.002061113715171814,
    "max": 0.0650535523891449
   },
   "gstlora": {
    "n": 9,
    "mean": 0.04901558988624149,
    "sem": 0.004158564360968894,
    "ci95": [
     0.041243335853020355,
     0.05618402697145939
    ],
    "min": 0.03187906742095947,
    "max": 0.06525313854217529
   },
   "freeclamp": {
    "n": 9,
    "mean": 0.02118425402376387,
    "sem": 0.01009035065045524,
    "ci95": [
     0.005429102645979987,
     0.04155836407509115
    ],
    "min": -0.0028999298810958862,
    "max": 0.06498110294342041
   },
   "freeasym": {
    "n": 9,
    "mean": 0.021245355407396953,
    "sem": 0.010084671791502181,
    "ci95": [
     0.002397187343902058,
     0.04203321101764837
    ],
    "min": -0.001864403486251831,
    "max": 0.06512695550918579
   }
  }
 },
 "hat": {
  "tier": "near-OOD",
  "Qbad": {
   "stlora": 0,
   "gstlora": 0,
   "freeclamp": 0,
   "freeasym": 0
  },
  "stats": {
   "stlora": {
    "n": 9,
    "mean": 0.022185797492663067,
    "sem": 0.0057268379213965505,
    "ci95": [
     0.01124860607087612,
     0.03227607992788156
    ],
    "min": -0.0004082620143890381,
    "max": 0.04111859202384949
   },
   "gstlora": {
    "n": 9,
    "mean": 0.031556750337282814,
    "sem": 0.004123900665671548,
    "ci95": [
     0.023324356890387005,
     0.038670385587546555
    ],
    "min": 0.005929410457611084,
    "max": 0.04299730062484741
   },
   "freeclamp": {
    "n": 9,
    "mean": 0.03500972522629632,
    "sem": 0.0021843125988025365,
    "ci95": [
     0.03100530273384518,
     0.03872393510407871
    ],
    "min": 0.02494320273399353,
    "max": 0.04127897322177887
   },
   "freeasym": {
    "n": 9,
    "mean": 0.03513394958443112,
    "sem": 0.002218106800208569,
    "ci95": [
     0.03078776908417543,
     0.03886026607619391
    ],
    "min": 0.024702847003936768,
    "max": 0.040879398584365845
   }
  }
 },
 "beach": {
  "tier": "far-OOD",
  "Qbad": {
   "stlora": 0,
   "gstlora": 0,
   "freeclamp": 0,
   "freeasym": 0
  },
  "stats": {
   "stlora": {
    "n": 9,
    "mean": 5.9457288848029246e-05,
    "sem": 0.0011581702352466696,
    "ci95": [
     -0.0020859662029478285,
     0.002066189754340383
    ],
    "min": -0.004436895251274109,
    "max": 0.004685327410697937
   },
   "gstlora": {
    "n": 9,
    "mean": 0.024282130930158827,
    "sem": 0.010283215953695147,
    "ci95": [
     0.007942705021964178,
     0.04604954156610701
    ],
    "min": -0.00036385655403137207,
    "max": 0.080696240067482
   },
   "freeclamp": {
    "n": 9,
    "mean": 0.054224290781550936,
    "sem": 0.013823913001472087,
    "ci95": [
     0.026151689348949327,
     0.07777651449044545
    ],
    "min": -0.005885481834411621,
    "max": 0.10025151073932648
   },
   "freeasym": {
    "n": 9,
    "mean": 0.05377583205699921,
    "sem": 0.013903355155210934,
    "ci95": [
     0.025843885623746447,
     0.07725500406490432
    ],
    "min": -0.005689501762390137,
    "max": 0.10012024641036987
   }
  }
 },
 "suit": {
  "tier": "far-OOD",
  "Qbad": {
   "stlora": 0,
   "gstlora": 0,
   "freeclamp": 0,
   "freeasym": 0
  },
  "stats": {
   "stlora": {
    "n": 9,
    "mean": 0.0045071376694573295,
    "sem": 0.0012248368077285943,
    "ci95": [
     0.002357794385817316,
     0.006953303391734759
    ],
    "min": -0.0012937337160110474,
    "max": 0.011613741517066956
   },
   "gstlora": {
    "n": 9,
    "mean": 0.015288897686534457,
    "sem": 0.00776791579053211,
    "ci95": [
     0.0059276983141899105,
     0.031562819414668604
    ],
    "min": 0.003437533974647522,
    "max": 0.07673273980617523
   },
   "freeclamp": {
    "n": 9,
    "mean": 0.04375263386302524,
    "sem": 0.01004895154382243,
    "ci95": [
     0.02470815148618486,
     0.062438266144858465
    ],
    "min": 0.007748901844024658,
    "max": 0.08308231830596924
   },
   "freeasym": {
    "n": 9,
    "mean": 0.04382398724555969,
    "sem": 0.01005780198575799,
    "ci95": [
     0.024441762848032844,
     0.06227100454270839
    ],
    "min": 0.007817506790161133,
    "max": 0.08304727077484131
   }
  }
 },
 "snowy": {
  "tier": "gstlora-anchor",
  "Qbad": {
   "stlora": 0,
   "gstlora": 0,
   "freeclamp": 0,
   "freeasym": 0
  },
  "stats": {
   "stlora": {
    "n": 9,
    "mean": 0.006954174902704027,
    "sem": 0.004506934878557524,
    "ci95": [
     0.0014887149549192853,
     0.016300286062889628
    ],
    "min": 0.00019268691539764404,
    "max": 0.042555585503578186
   },
   "gstlora": {
    "n": 9,
    "mean": 0.05010779698689779,
    "sem": 0.007253400125575606,
    "ci95": [
     0.03442299688855807,
     0.06077245072358184
    ],
    "min": -0.004435092210769653,
    "max": 0.06681130826473236
   },
   "freeclamp": {
    "n": 9,
    "mean": 0.05893407099776798,
    "sem": 0.002323996892729357,
    "ci95": [
     0.05420663762423727,
     0.06291086855861876
    ],
    "min": 0.04650282859802246,
    "max": 0.06721021234989166
   },
   "freeasym": {
    "n": 9,
    "mean": 0.058920534120665655,
    "sem": 0.002327007297598377,
    "ci95": [
     0.05460669808089733,
     0.06287895349992646
    ],
    "min": 0.04657624661922455,
    "max": 0.0670425295829773
   }
  }
 }
}